OGF_ID,Owl_Type,Locaction_Accuracy,Sensitivity_Class,Nesting_Activity_Status,Nest_Support_Type,Nest_Tree_Condition,Tree_Species_Common_Name,Nest_Width,Nest_Depth,Nest_Stick_Diameter,Nest_Construction_Category,Effective_Date_Time,Survey_Notes,Long,Lat
115689057,Great Horned Owl ,Within 50 metres,Non-Sensitive,Active - Primary Nest or Colony,Tree,Alive,Jack Pine,Not Specified,Not Specified,Not Specified,Not Specified,2017/04/13 09:42:38+00,"North Of Highway 17 West On The Whiteshell River . Bird In The Nest When Found On Aws Flight March 27, 2017. New Nest ",-95.11778168,49.75588749
112504569,Great Horned Owl ,Within 10 metres,Non-Sensitive,Active - Primary Nest or Colony,Building,Not Applicable,Not Specified,Not Specified,Not Specified,Not Specified,Not Specified,2016/04/26 17:12:13+00,Located Underneath The Bridge On The Premier Rd.  Owlet On Nest Pictures Taken Of Owlet And Adult On Site.  Nest Located Under The Bridge.,-91.26664286,48.85029007
1100513454,Great Gray Owl ,Very Accurate (to 2m),Non-Sensitive,Not Applicable,Not Specified,Not Specified,Balsam Poplar,Not Specified,Not Specified,Not Specified,Not Specified,2002/01/24 07:44:59+00,Iruam Road Active '93 ; Dead Poplar ; Stick Nest ; Nest Blown Down May '94; Female (608-65054); Chick (608-65055) ; Chick (608-65056)  ,-94.39403458,50.82951847
1100513452,Great Gray Owl ,Very Accurate (to 2m),Non-Sensitive,Active - Primary Nest or Colony,Not Specified,Not Specified,Not Specified,Not Specified,Not Specified,Not Specified,Not Specified,1999/04/13 15:39:04+00,Marten Road Active '94 ; Jackpine; Stick Nest ; Male (608-99904)  ,-94.36123928,50.87143678
1100513453,Great Gray Owl ,Very Accurate (to 2m),Non-Sensitive,Active - Primary Nest or Colony,Not Specified,Not Specified,Not Specified,Not Specified,Not Specified,Not Specified,Not Specified,1999/04/13 15:39:04+00,Iriam Road Active '94 ; Dead Jackpine ; Sticknest ; Female (608-65054) Recap ; Chick (608-99902) ; Chick (608-99901)  ,-94.39255168,50.84508797
1100513482,Great Gray Owl ,Very Accurate (to 2m),Non-Sensitive,Active - Primary Nest or Colony,Tree,Dead,Balsam Poplar,Not Specified,Not Specified,Not Specified,Not Specified,1999/11/17 15:46:03+00,"2 Chicks/1 F All Banded              Band#'S    Chick 608-65049, Chick 608-65050, Female 608-65048 | Great Gray Owl Nesting Site - Overnite  ",-93.79537185,50.6131235
1100513481,Great Gray Owl ,Very Accurate (to 2m),Non-Sensitive,Active - Primary Nest or Colony,Not Specified,Not Specified,Not Specified,Not Specified,Not Specified,Not Specified,Not Specified,1999/04/13 15:39:03+00,Bond Road Active '93 ; Dead Poplar; Stump Nest  ,-94.08703634,50.61907177
251704727,Barred Owl ,Within 100 metres,Non-Sensitive,Active - Primary Nest or Colony,Tree,Alive,Sugar Maple,Not Specified,Not Specified,Not Specified,Not Specified,2009/09/22 15:05:41+00, Nest Lgl4. Barred Owl Nest In 45Cm Dbh Sugar Maple  ,-76.61120522,45.20046408
125524110,Barred Owl ,Within 10 metres,Non-Sensitive,Active - Primary Nest or Colony,Tree,Alive,Sugar Maple,Not Specified,Not Specified,Not Specified,Not Specified,2019/04/26 10:39:18+00,"Cavity Of Mh Tree, 46 Cm Dbh Cavity Nest, Approx Half Way Up The Stem Of 46 Cm Dbh Mh. Owl Spotted In Cavity On More Than One Occaision. Cavity Is Natural Owl Spotted In Cavity On More Than One Occiasion.  Cavity Is Natural.",-79.71995612,46.00324007
110331418,Eastern Screech-Owl ,Within 10 metres,Non-Sensitive,Inactive,Tree,Alive,Yellow Birch,75 to 150 cm,Deep,Mostly pencil-sized and smaller,Solid but not shaggy,2015/08/18 14:14:08+00,Nest In Good Condition. Mature Hardwood Dominated Interior Forest Habitat.,-77.97379466,45.1022043
53976788,Great Horned Owl ,Within 50 metres,Non-Sensitive,Active - Primary Nest or Colony,Tree,Alive,Not Specified,Not Specified,Not Specified,Not Specified,Not Specified,2004/05/07 13:24:33+00,"Birch Twp, West Of Wenebegon Lake.
Beside Cut Road Right-Of-Way | Great-Horned Owl Nest Site In Live Po  ",-83.14655078,47.3793964
115613481,Great Horned Owl ,Within 20 metres,Non-Sensitive,Active - Primary Nest or Colony,Tree,Alive,Balsam Poplar,More than 150 cm,Shallow,Mostly pencil-sized and larger,Solid and shaggy,2017/03/31 15:31:09+00,Nest Located At Hwy 72 At Tamaka Gold Road. Site Can Be Accessed Via Helicopter And Road. ,-92.29969596,49.89534563
71823234,Great Horned Owl ,Within 50 metres,Non-Sensitive,Inactive,Tree,Alive,Jack Pine,Less than 75 cm,Shallow,Mostly pencil-sized and smaller,Loosely built,2017/02/10 11:59:55+00,"Holmes Twp, Tully Lake. New Nest 2011-Feb-25 (Kl Nest Survey); Nest Not Found 2017-Jan-26;   ",-80.5092476,48.03560455
125518029,Great Horned Owl ,Within 10 metres,Non-Sensitive,Active - Primary Nest or Colony,Tree,Alive,Jack Pine,75 to 150 cm,Shallow,Mostly pencil-sized and larger,Loosely built,2019/04/23 13:43:29+00,Behing Opp Building Tisdale Twp.  ,-81.21543009,48.48685668
125518067,Great Horned Owl ,Within 10 metres,Non-Sensitive,Active - Primary Nest or Colony,Tree,Alive,Jack Pine,75 to 150 cm,Shallow,Not Specified,Loosely built,2019/04/23 13:50:42+00,"Last House On Left, Kamiskotia Hwy. Robb Twp.  ",-81.63387264,48.58451637
70749563,Barred Owl ,Within 2 metres,Non-Sensitive,Inactive,Tree,Not Specified,Sugar Maple,Not Specified,Not Specified,Not Specified,Not Specified,2019/12/09 15:56:36+00, 2018 - Nest Visited But Not Found Suspect That Nest Was A Cavity Within Tree. Fairly Certain We Had Correct Tree As There Was Flagging All Around. Not Found During Values Flights.  ,-79.06735162,46.13096982
122372036,Great Horned Owl ,Within 10 metres,Non-Sensitive,Active - Primary Nest or Colony,Building,Not Applicable,Not Specified,Not Specified,Not Specified,Not Specified,Not Specified,2019/08/12 14:50:33+00,Found Within Bridge. Nest Present.,-85.22179673,50.01367985
110326712,Long-eared Owl ,Within 5 metres,Non-Sensitive,Active - Primary Nest or Colony,Tree,Alive,Not Specified,Not Specified,Not Specified,Not Specified,Not Specified,2015/07/15 16:04:25+00,"South Of Aubrey Lake Contacted By Property Owner To Report Nest, May Have Taken Over A Ravens Nest, 2 Young Owls Were On Nest During Ground Visit, Adult Still Present.",-92.99396884,49.75872266
106697239,Great Horned Owl ,Within 20 metres,Non-Sensitive,Active - Primary Nest or Colony,Tree,Alive,Balsam Fir,75 to 150 cm,Deep,Mostly pencil-sized and larger,Solid but not shaggy,2013/07/29 15:33:27+00,Beside Clearwater Creek And Old Cn Line Bike Trail Recently Built Below The Nest Resulting In Inactive In Nest Presently (2012).  Offspring In Nest In 2010 & 2011 Offspring In Nest Offspring In Nest In 2010,-88.26020125,49.00983111
112737177,Great Horned Owl ,Within 10 metres,Non-Sensitive,Active - Primary Nest or Colony,Tree,Alive,Trembling Aspen,,Not Specified,Not Specified,Not Specified,2016/06/02 10:48:42+00, 1 Adult Near By And 2 Owlets In Nest  ,-81.44209996,49.18834007
125533292,Great Horned Owl ,Within 10 metres,Non-Sensitive,Active - Primary Nest or Colony,Tree,Alive,Trembling Aspen,75 to 150 cm,Shallow,Mostly pencil-sized and larger,Solid and shaggy,2019/05/01 15:54:02+00,Truax Twp. Located Within Harvest Block Id Truax140 New Nest Identified 2019-Apr-29. Sfl Reported Nest With Pictures In Spring 2019 Thru Cto # 98. Located Within Harvest Block Truax140. Nest Identified As Occupied. Sfl Reported Nest Occupied In Spring 2019. Verified By Mnrf Biologist. New Nest Identified By Sfl And Verified By Mnrf Biologist 2019-Apr-30.,-80.22244588,47.80090773
125583047,Great Horned Owl ,Within 5 metres,Non-Sensitive,Active - Primary Nest or Colony,Tree,Alive,Not Specified,Less than 75 cm,Deep,Mostly pencil-sized and larger,Solid and shaggy,2019/05/15 10:09:52+00,"Approximately 21 Km'S Up Nungessor Road, 150 M Into The Bush On Weest Side Of Road. Great Horned Owl Flying Around Nest, Feathers Seen In Nest.  ",-93.62066162,51.19284128
119959384,Barred Owl ,Within 5 metres,Non-Sensitive,Active - Primary Nest or Colony,Tree,Alive,Trembling Aspen,75 to 150 cm,Shallow,Mostly pencil-sized and larger,Solid but not shaggy,2019/07/02 14:45:28+00,Nest Revisted By Mnrf Bio And Reclassified From Gosshawk To Barred Owl  ,-88.14249344,49.18001714
68409281,Great Horned Owl ,Within 50 metres,Non-Sensitive,Active - Primary Nest or Colony,Tree,Dead,Not Specified,Not Specified,Not Specified,Not Specified,Not Specified,2009/01/23 09:00:21+00, Gps Location Taken From Helicopter.  Approximately 5-6 Nests In The Wetland.,-77.47044465,45.71307283
350297012,Great Gray Owl ,Within 100 metres,Non-Sensitive,Not Applicable,Not Specified,Not Specified,Not Specified,Not Specified,Not Specified,Not Specified,Not Specified,2011/12/06 11:01:20+00,Not Specified,-91.62536749,48.98451826
350296999,Great Gray Owl ,Within 100 metres,Non-Sensitive,Not Applicable,Not Specified,Not Specified,Not Specified,Not Specified,Not Specified,Not Specified,Not Specified,2011/12/06 11:01:15+00,Not Specified,-91.63573339,48.99256037
1150328747,Great Gray Owl ,Very Accurate (to 2m),Non-Sensitive,Active - Primary Nest or Colony,Not Specified,Not Specified,Not Specified,Not Specified,Not Specified,Not Specified,Not Specified,1998/07/20 16:42:14+00,Not Specified,-94.21414497,50.55485446
1150328810,Great Gray Owl ,Very Accurate (to 2m),Non-Sensitive,Active - Primary Nest or Colony,Not Specified,Not Specified,Not Specified,Not Specified,Not Specified,Not Specified,Not Specified,1998/07/20 16:42:32+00,Not Specified,-94.35353867,50.33974782
67567001,Great Horned Owl ,Within 20 metres,Non-Sensitive,Active - Primary Nest or Colony,Tree,Alive,Trembling Aspen,Not Specified,Not Specified,Not Specified,Not Specified,2007/06/21 13:39:31+00,In A Large Poplar Tree Next To Block 110 On The Pineland Forest. Great Horned Owl Was Spotted In Close Proximity To The Nesting Site.  ,-82.82593908,48.14457883
1100811496,Great Gray Owl ,Within 2 metres,Non-Sensitive,Active - Primary Nest or Colony,Not Specified,Not Specified,Not Specified,Not Specified,Not Specified,Not Specified,Not Specified,2003/04/14 09:59:34+00,Km 35 South Bay Rd. Juveniles=3,-93.0663693,50.93501079
1100811492,Great Gray Owl ,Within 2 metres,Non-Sensitive,Active - Primary Nest or Colony,Not Specified,Not Specified,Not Specified,Not Specified,Not Specified,Not Specified,Not Specified,2003/04/14 09:43:31+00, Juveniles=2,-93.07187418,50.82242798
67982607,Northern Saw-whet Owl,Within 20 metres,Non-Sensitive,Active - Primary Nest or Colony,Tree,Dead,White Poplar,Not Specified,Not Specified,Not Specified,Not Specified,2010/06/14 15:42:18+00, Hawk Nest Survey 2008; 583Sw1; Active | Saw-Whet Owl  ,-77.02049317,45.36101869
1100513469,Great Gray Owl ,Very Accurate (to 2m),Non-Sensitive,Active - Primary Nest or Colony,Not Specified,Not Specified,Not Specified,Not Specified,Not Specified,Not Specified,Not Specified,1999/04/13 15:39:14+00,Bond Road Active '93 ; Dead Poplar; Stump Nest; Chick (608-65051); Chick (608-65052); In '95 One Chick  ,-93.93338521,50.67295769
71370324,Great Horned Owl ,Within 50 metres,Non-Sensitive,Active - Primary Nest or Colony,Tree,Alive,Trembling Aspen,Not Specified,Not Specified,Not Specified,Not Specified,2011/05/17 15:32:21+00,  2 Adults Near Nest Edit 761,-93.61737744,48.70710698
55347488,Great Gray Owl ,Within 10 metres,Non-Sensitive,Active - Primary Nest or Colony,Tree,Dead,Trembling Aspen,Not Specified,Not Specified,Not Specified,Not Specified,2005/01/26 16:26:27+00,Off The Railbed At Pipette Lake Confirmed That One Nest Still There In Live Poplar By ---/--- Dec/01 Both 2415 And 2416 Were On This Island  ,-93.00292665,50.28979372
67566969,Great Horned Owl ,Within 50 metres,Non-Sensitive,Active - Primary Nest or Colony,Tree,Alive,Not Specified,Not Specified,Not Specified,Not Specified,Not Specified,2007/06/21 11:36:48+00,Cleared Area By Nursary Fledgling Observed By Mnr District Manager Bob Johnston. Mother In Tree Returned Next Day Owls Were Not Seen But Feathers Found  ,-83.40763792,47.81084885
127950541,Great Horned Owl ,Within 10 metres,Non-Sensitive,Active - Primary Nest or Colony,Tree,Alive,Not Specified,Not Specified,Not Specified,Not Specified,Not Specified,2020/05/27 15:32:56+00,  A Pair Of Great Horned Owls Occupied The Nest During The Breeding Season Of 2020. Two Young Of The Year Owls Were Present At The Time Of Inspection. One Of The Juveniles Was Observed On The Ground While The Other Remained In The Nest. Both Adults Were Present. ,-84.27038124,46.4972788
129112525,Barred Owl ,Within 10 metres,Non-Sensitive,Active - Primary Nest or Colony,Tree,Alive,Sugar Maple,Not Specified,Not Specified,Not Specified,Not Specified,2020/08/13 13:37:46+00,Olrig Twp Owl Was Heard And Observed Flying From Tree To Tree Near The Cavity Tree. Heard Noise From Inside The Cavity Tree - Either Other Adult Or Chicks. Cavity Is Approx. 4 M Up On Main Mh Bole With A 15 Cm Diameter. The Snol Aoc Will Be Applied. Owl Was Heard And Observed Flying From Tree To Tree Near The Cavity Tree. Heard Noise From Inside The Cavity Tree - Either Other Adult Or Chicks. Cavity Is Approx. 4 M Up On Main Mh Bole With A 15 Cm Diameter. The Snol Aoc Will Be Applied.,-79.06663944,46.40261906
129112524,Barred Owl ,Within 10 metres,Non-Sensitive,Active - Primary Nest or Colony,Tree,Alive,Sugar Maple,Not Specified,Not Specified,Not Specified,Not Specified,2020/08/13 13:31:44+00,"Olrig Twp 2 Owls Were Heard Hooting In The Immediate Area, Cavity (Approx 20 X 30 Cm) In Mh Observed With Fresh Bark Scuffs On Rounded Entrance Hole, Recent Owl Scat (With Mouse Hair) Was Observed Beneath The Cavity. The Snol Aoc Will Be Applied. 2 Owls Were Heard Hooting In The Immediate Area, Cavity (Approx 20 X 30 Cm) In Mh Observed With Fresh Bark Scuffs On Rounded Entrance Hole, Recent Owl Scat (With Mouse Hair) Was Observed Beneath The Cavity.  ",-79.06783164,46.39427826
129112521,Barred Owl ,Within 10 metres,Non-Sensitive,Active - Primary Nest or Colony,Tree,Alive,Yellow Birch,Not Specified,Not Specified,Not Specified,Not Specified,2020/08/13 13:25:31+00,Mulock Twp A Barred Owl Was Observed At A By Cavity Tree Acting Aggressively. The Cavity Tree Is Assumed To Be An Occupied Nest.The Snol Aoc Will Be Applied For Harvest Operations.  ,-79.29469232,46.47156916
133532011,Great Horned Owl ,Within 20 metres,Non-Sensitive,Active - Primary Nest or Colony,Tree,Alive,Eastern White Pine,75 to 150 cm,Deep,Not Specified,Not Specified,2021/04/19 15:29:13+00,Nest Found In Clarkson Twp Within Janveaux # 132 Harvest Block.  Nest Found In 2021 With Adult Great Horned Owl Sitting On It. Snol Aoc With A 100 M Timing Restriction Will Be Applied In The Field. Owl With Ear Tufts (Great Horned Owl) Was Spotted On The Nest. Down Feathers On The Nest. Nest Is In A Dense Clump Of White Pine Trees,-79.14518819,46.6435932
1100811497,Great Gray Owl ,Within 2 metres,Non-Sensitive,Active - Primary Nest or Colony,Not Specified,Not Specified,Balsam Poplar,Not Specified,Not Specified,Not Specified,Not Specified,2019/09/12 10:55:34+00,S. Side Of Ben Rd. Past Cameron Rd.,-92.97203136,50.9087948
1100811493,Great Gray Owl ,Within 2 metres,Non-Sensitive,Active - Primary Nest or Colony,Not Specified,Not Specified,Balsam Poplar,Not Specified,Not Specified,Not Specified,Not Specified,2019/09/12 10:55:34+00,"North Of Bluffy, Nw Of Small Lake Juveniles=0",-92.96895075,50.85729289
1100811495,Great Gray Owl ,Within 2 metres,Non-Sensitive,Active - Primary Nest or Colony,Not Specified,Not Specified,Balsam Poplar,Not Specified,Not Specified,Not Specified,Not Specified,2019/09/12 10:55:34+00,North Side Of Ben Rd. Past Cameron Rd. Juveniles=1,-92.93343295,50.9162431
319476354,Great Gray Owl ,Within 20 metres,Non-Sensitive,Active - Primary Nest or Colony,Tree,Alive,Trembling Aspen,Less than 75 cm,Shallow,,Solid and shaggy,2023/11/16 10:14:44+00,Lot 9 Conc 5 Fox Twp. On Se Edge Of Fox 140 Harvest Block. In Blackwell Rd Corridor But South Of Old Blk-246 Road. Wpt060 2021-03-16 2 Owls Nearby. Need To Confirm Species. 2 Owls Nearby ,-80.77562671,49.03818638
106538653,Great Horned Owl ,Within 10 metres,Non-Sensitive,Active - Primary Nest or Colony,Tree,Alive,Trembling Aspen,Not Specified,Not Specified,Not Specified,Not Specified,2013/09/10 12:03:10+00,"Nest Found In The Top 1/3 Of An Aspen. Nest Tree Situated Among Other Trees In The Stand. <25M On West Side From Hwy 71. 1.9 Km Straight Line Distance North Of Little Pine Lake Edit 858/876 2 Adults Flushed From Nest, 2 Eggs  Edit 858",-93.92616697,48.92900768
125515150,Great Horned Owl ,Within 10 metres,Non-Sensitive,Inactive,Tree,Alive,Eastern White Pine,Not Specified,Not Specified,Not Specified,Not Specified,2024/04/22 11:21:52+00,Signs Of Being Occupied This Year (2024),-94.0220775,48.94195797
